"id","vine.maturity","env"
"AFW6039-1R",6.086715698,2018
"AFW6039-3R",6.086715698,2018
"AFW6039-4R",5.086715698,2018
"AFW6039-7R",3.905397241,2018
"AFW6039-8R",3.793010957,2018
"AFW6041-2R",7.214876104,2018
"AFW6041-4R",7.214876104,2018
"AFW6041-6R",4.905397241,2018
"AFW6041-9R",6.086715698,2018
"AFW6045-8R",1.214876104,2018
"AFW6050-23R",5.086715698,2018
"AFW6050-4R",8.793010957,2018
"AFW6051-1R",4.793010957,2018
"AFW6051-2R",9.214876104,2018
"AFW6051-4R",7.086715698,2018
"AFW6052-31R",2.214876104,2018
"AFW6052-38R",1.793010957,2018
"AFW6052-40R",7.214876104,2018
"AFW6054-7R",6.905397241,2018
"AFW6054-8R",8.086715698,2018
"Chieftain",7.5,2018
"DarkRedNorland",3.25,2018
"RedLaSoda10",6,2018
"RedNorland",2.75,2018
"RedPrairie",6.5,2018
"W10209-2R",2.75,2018
"W14133-11R",5.905397241,2018
"W14133-12R",6.086715698,2018
"W14133-16R",4.214876104,2018
"W14133-20R",2.793010957,2018
"W14133-27R",3.905397241,2018
"W14133-28R",3.086715698,2018
"W14133-29R",6.214876104,2018
"W14133-35R",5.793010957,2018
"W14133-37R",7.793010957,2018
"W14133-44R",6.793010957,2018
"W14133-46R",6.905397241,2018
"W14133-49R",2.793010957,2018
"W14138-13R",3.793010957,2018
"W14138-44R",3.086715698,2018
"W14138-48R",7.086715698,2018
"W14138-53R",3.905397241,2018
"W14138-54R",6.793010957,2018
"W14138-56R",8.086715698,2018
"W14138-57R",6.905397241,2018
"W14138-58R",7.214876104,2018
"W14141-15R",3.214876104,2018
"W14141-16R",5.793010957,2018
"W14141-19R",4.214876104,2018
"W14141-4R",8.086715698,2018
"W14141-5R",2.905397241,2018
"W14141-6R",4.086715698,2018
"W14141-7R",4.793010957,2018
"W15261-11R",5.905397241,2018
"W15261-12R",7.214876104,2018
"W15261-13R",5.793010957,2018
"W15261-14R",2.905397241,2018
"W15261-15R",4.793010957,2018
"W15261-16R",7.086715698,2018
"W15261-18R",4.293010957,2018
"W15261-1R",7.793010957,2018
"W15261-20R",7.214876104,2018
"W15261-21R",5.086715698,2018
"W15261-22R",0.905397241,2018
"W15261-23R",3.214876104,2018
"W15261-24R",3.905397241,2018
"W15261-25R",7.214876104,2018
"W15261-26R",6.214876104,2018
"W15261-27R",8.086715698,2018
"W15261-2R",9.086715698,2018
"W15261-3R",3.214876104,2018
"W15261-4R",7.905397241,2018
"W15261-551R",9.086715698,2018
"W15261-6R",4.905397241,2018
"W15261-7R",6.214876104,2018
"W15262-1R",4.905397241,2018
"W15262-2R",8.086715698,2018
"W15262-3R",6.793010957,2018
"W15262-4R",9.214876104,2018
"W15262-6R",5.086715698,2018
"W15263-10R",7.214876104,2018
"W15263-11R",2.214876104,2018
"W15263-12R",5.503943531,2018
"W15263-16R",5.214876104,2018
"W15263-18R",2.214876104,2018
"W15263-19R",8.086715698,2018
"W15263-1R",1.905397241,2018
"W15263-25R",1.905397241,2018
"W15263-29R",4.086715698,2018
"W15263-2R",5.905397241,2018
"W15263-31R",4.086715698,2018
"W15263-33R",8.214876104,2018
"W15263-34R",1.793010957,2018
"W15263-36R",5.214876104,2018
"W15263-38R",4.793010957,2018
"W15263-39R",0.905397241,2018
"W15263-41R",3.214876104,2018
"W15263-42R",4.632503393,2018
"W15263-43R",8.086715698,2018
"W15263-45R",6.086715698,2018
"W15263-46R",8.793010957,2018
"W15263-50R",6.214876104,2018
"W15263-55R",5.793010957,2018
"W15263-56R",7.905397241,2018
"W15263-57R",4.905397241,2018
"W15263-5R",6.905397241,2018
"W15263-60R",3.793010957,2018
"W15263-63R",3.214876104,2018
"W15263-64R",7.793010957,2018
"W15263-65R",3.086715698,2018
"W15263-70R",5.214876104,2018
"W15263-71R",1.214876104,2018
"W15263-74R",5.086715698,2018
"W15263-75R",3.793010957,2018
"W15263-76R",3.086715698,2018
"W15263-78R",4.793010957,2018
"W15263-7R",6.586715698,2018
"W15263-80R",8.214876104,2018
"W15263-81R",3.793010957,2018
"W15263-82R",3.086715698,2018
"W15263-84R",5.086715698,2018
"W15263-85R",7.905397241,2018
"W15263-86R",7.905397241,2018
"W15263-87R",3.793010957,2018
"W15263-8R",3.793010957,2018
"W15264-10R",6.214876104,2018
"W15264-11R",5.793010957,2018
"W15264-12R",4.793010957,2018
"W15264-16R",8.905397241,2018
"W15264-17R",8.905397241,2018
"W15264-18R",4.086715698,2018
"W15264-1R",8.905397241,2018
"W15264-3R",4.793010957,2018
"W15264-5R",5.214876104,2018
"W15264-6R",3.905397241,2018
"W15264-7R",5.905397241,2018
"W15264-8R",6.793010957,2018
"W15264-9R",4.793010957,2018
"W15267-100R",8.214876104,2018
"W15267-101R",3.905397241,2018
"W15267-102R",6.214876104,2018
"W15267-104R",5.793010957,2018
"W15267-105R",8.793010957,2018
"W15267-10R",6.905397241,2018
"W15267-110R",5.793010957,2018
"W15267-111R",4.214876104,2018
"W15267-113R",8.793010957,2018
"W15267-114R",4.086715698,2018
"W15267-115R",2.214876104,2018
"W15267-116R",5.793010957,2018
"W15267-117R",9.214876104,2018
"W15267-11R",8.793010957,2018
"W15267-121R",7.214876104,2018
"W15267-122R",3.793010957,2018
"W15267-126R",6.905397241,2018
"W15267-127R",5.793010957,2018
"W15267-129R",0.905397241,2018
"W15267-12R",1.214876104,2018
"W15267-131R",8.214876104,2018
"W15267-132R",6.214876104,2018
"W15267-133R",3.793010957,2018
"W15267-136R",6.793010957,2018
"W15267-137R",1.793010957,2018
"W15267-138R",3.793010957,2018
"W15267-139R",6.905397241,2018
"W15267-13R",5.086715698,2018
"W15267-140R",9.086715698,2018
"W15267-142R",5.793010957,2018
"W15267-143R",9.214876104,2018
"W15267-145R",2.793010957,2018
"W15267-146R",9.214876104,2018
"W15267-147R",4.086715698,2018
"W15267-148R",5.086715698,2018
"W15267-149R",5.793010957,2018
"W15267-150R",5.214876104,2018
"W15267-153R",8.086715698,2018
"W15267-154R",2.793010957,2018
"W15267-157R",3.905397241,2018
"W15267-159R",4.793010957,2018
"W15267-160R",4.214876104,2018
"W15267-161R",5.214876104,2018
"W15267-162R",3.086715698,2018
"W15267-163R",3.793010957,2018
"W15267-164R",7.214876104,2018
"W15267-165R",2.214876104,2018
"W15267-16R",4.086715698,2018
"W15267-170R",7.905397241,2018
"W15267-171R",2.086715698,2018
"W15267-172R",5.793010957,2018
"W15267-173R",3.905397241,2018
"W15267-174R",8.793010957,2018
"W15267-176R",5.793010957,2018
"W15267-177R",3.086715698,2018
"W15267-17R",1.793010957,2018
"W15267-180R",4.650795901,2018
"W15267-182R",2.793010957,2018
"W15267-183R",5.793010957,2018
"W15267-186R",2.086715698,2018
"W15267-187R",9.214876104,2018
"W15267-189R",3.905397241,2018
"W15267-190R",5.905397241,2018
"W15267-192R",5.905397241,2018
"W15267-193R",8.086715698,2018
"W15267-195R",5.086715698,2018
"W15267-196R",3.086715698,2018
"W15267-197R",7.793010957,2018
"W15267-199R",8.905397241,2018
"W15267-19R",8.214876104,2018
"W15267-200R",4.214876104,2018
"W15267-201R",9.086715698,2018
"W15267-202R",7.793010957,2018
"W15267-203R",9.086715698,2018
"W15267-204R",8.214876104,2018
"W15267-205R",5.086715698,2018
"W15267-207R",3.905397241,2018
"W15267-209R",3.905397241,2018
"W15267-20R",5.905397241,2018
"W15267-212R",4.214876104,2018
"W15267-213R",2.905397241,2018
"W15267-214R",0.905397241,2018
"W15267-216R",4.086715698,2018
"W15267-217R",3.086715698,2018
"W15267-218R",4.793010957,2018
"W15267-219R",1.214876104,2018
"W15267-21R",9.086715698,2018
"W15267-220R",3.793010957,2018
"W15267-222R",4.905397241,2018
"W15267-223R",0.905397241,2018
"W15267-224R",5.793010957,2018
"W15267-226R",5.086715698,2018
"W15267-227R",4.905397241,2018
"W15267-22R",6.793010957,2018
"W15267-24R",6.086715698,2018
"W15267-26R",5.086715698,2018
"W15267-27R",7.793010957,2018
"W15267-2R",7.793010957,2018
"W15267-30R",8.905397241,2018
"W15267-31R",4.086715698,2018
"W15267-32R",8.214876104,2018
"W15267-34R",7.439863327,2018
"W15267-35R",4.793010957,2018
"W15267-37R",8.214876104,2018
"W15267-38R",3.086715698,2018
"W15267-3R",8.905397241,2018
"W15267-40R",2.905397241,2018
"W15267-41R",2.905397241,2018
"W15267-43R",9.086715698,2018
"W15267-45R",7.214876104,2018
"W15267-46R",8.214876104,2018
"W15267-48R",7.793010957,2018
"W15267-50R",6.905397241,2018
"W15267-51R",4.086715698,2018
"W15267-53R",7.214876104,2018
"W15267-55R",4.793010957,2018
"W15267-56R",3.086715698,2018
"W15267-57R",4.086715698,2018
"W15267-59R",3.793010957,2018
"W15267-60R",6.214876104,2018
"W15267-61R",6.793010957,2018
"W15267-62R",4.905397241,2018
"W15267-63R",3.793010957,2018
"W15267-64R",4.214876104,2018
"W15267-65R",5.905397241,2018
"W15267-66R",7.214876104,2018
"W15267-67R",3.086715698,2018
"W15267-6R",2.214876104,2018
"W15267-70R",3.793010957,2018
"W15267-71R",5.905397241,2018
"W15267-72R",4.214876104,2018
"W15267-73R",7.086715698,2018
"W15267-74R",4.086715698,2018
"W15267-75R",5.905397241,2018
"W15267-77R",4.086715698,2018
"W15267-79R",3.214876104,2018
"W15267-7R",1.214876104,2018
"W15267-80R",7.086715698,2018
"W15267-81R",3.086715698,2018
"W15267-82R",4.793010957,2018
"W15267-84R",7.086715698,2018
"W15267-85R",2.793010957,2018
"W15267-86R",9.214876104,2018
"W15267-87R",7.905397241,2018
"W15267-88R",4.793010957,2018
"W15267-89R",7.405397241,2018
"W15267-90R",0.793010957,2018
"W15267-92R",4.214876104,2018
"W15267-93R",5.214876104,2018
"W15267-95R",5.793010957,2018
"W15267-97R",3.214876104,2018
"W15267-98R",2.905397241,2018
"W15267-99R",4.214876104,2018
"W15268-101R",8.214876104,2018
"W15268-102R",9.214876104,2018
"W15268-103R",5.086715698,2018
"W15268-104R",3.793010957,2018
"W15268-106R",5.793010957,2018
"W15268-107R",5.086715698,2018
"W15268-108R",5.086715698,2018
"W15268-109R",6.214876104,2018
"W15268-110R",9.086715698,2018
"W15268-111R",5.086715698,2018
"W15268-112R",8.905397241,2018
"W15268-114R",4.793010957,2018
"W15268-115R",1.905397241,2018
"W15268-116R",8.905397241,2018
"W15268-117R",6.214876104,2018
"W15268-118R",8.086715698,2018
"W15268-119R",4.214876104,2018
"W15268-121R",3.905397241,2018
"W15268-122R",6.793010957,2018
"W15268-123R",4.086715698,2018
"W15268-124R",5.214876104,2018
"W15268-125R",7.793010957,2018
"W15268-127R",2.793010957,2018
"W15268-129R",6.086715698,2018
"W15268-12R",9.214876104,2018
"W15268-130R",9.214876104,2018
"W15268-132R",8.905397241,2018
"W15268-134R",0.793010957,2018
"W15268-136R",2.086715698,2018
"W15268-137R",8.793010957,2018
"W15268-138R",9.086715698,2018
"W15268-139R",4.793010957,2018
"W15268-13R",6.060136673,2018
"W15268-141R",5.793010957,2018
"W15268-142R",9.214876104,2018
"W15268-146R",6.905397241,2018
"W15268-147R",3.905397241,2018
"W15268-148R",6.793010957,2018
"W15268-151R",7.793010957,2018
"W15268-152R",5.793010957,2018
"W15268-153R",7.905397241,2018
"W15268-156R",3.793010957,2018
"W15268-158R",3.793010957,2018
"W15268-159R",8.793010957,2018
"W15268-161R",5.086715698,2018
"W15268-162R",6.086715698,2018
"W15268-164R",4.793010957,2018
"W15268-166R",8.086715698,2018
"W15268-16R",4.905397241,2018
"W15268-171R",7.214876104,2018
"W15268-173R",6.793010957,2018
"W15268-174R",8.905397241,2018
"W15268-175R",4.086715698,2018
"W15268-176R",8.214876104,2018
"W15268-179R",2.214876104,2018
"W15268-17R",5.086715698,2018
"W15268-180R",9.214876104,2018
"W15268-182R",5.214876104,2018
"W15268-183R",4.214876104,2018
"W15268-184R",6.214876104,2018
"W15268-185R",8.905397241,2018
"W15268-186R",2.214876104,2018
"W15268-187R",5.793010957,2018
"W15268-188R",4.905397241,2018
"W15268-189R",3.905397241,2018
"W15268-18R",8.214876104,2018
"W15268-190R",4.939863327,2018
"W15268-192R",8.905397241,2018
"W15268-193R",5.214876104,2018
"W15268-195R",8.905397241,2018
"W15268-196R",3.214876104,2018
"W15268-197R",7.905397241,2018
"W15268-198R",5.086715698,2018
"W15268-19R",9.214876104,2018
"W15268-200R",6.905397241,2018
"W15268-201R",3.905397241,2018
"W15268-203R",4.793010957,2018
"W15268-204R",5.905397241,2018
"W15268-205R",9.086715698,2018
"W15268-209R",9.086715698,2018
"W15268-20R",6.086715698,2018
"W15268-210R",4.214876104,2018
"W15268-212R",8.214876104,2018
"W15268-213R",7.086715698,2018
"W15268-214R",4.214876104,2018
"W15268-216R",3.793010957,2018
"W15268-218R",5.793010957,2018
"W15268-21R",5.086715698,2018
"W15268-220R",3.214876104,2018
"W15268-221R",5.086715698,2018
"W15268-224R",3.905397241,2018
"W15268-226R",7.086715698,2018
"W15268-228R",8.905397241,2018
"W15268-229R",6.905397241,2018
"W15268-231R",1.905397241,2018
"W15268-232R",9.214876104,2018
"W15268-235R",7.905397241,2018
"W15268-237R",2.214876104,2018
"W15268-24R",8.793010957,2018
"W15268-26R",8.905397241,2018
"W15268-27R",4.214876104,2018
"W15268-28R",4.905397241,2018
"W15268-29R",5.793010957,2018
"W15268-30R",5.086715698,2018
"W15268-31R",9.086715698,2018
"W15268-32R",5.086715698,2018
"W15268-33R",4.905397241,2018
"W15268-34R",4.086715698,2018
"W15268-36R",7.214876104,2018
"W15268-39R",2.793010957,2018
"W15268-41R",7.905397241,2018
"W15268-42R",1.905397241,2018
"W15268-47R",3.905397241,2018
"W15268-48R",4.214876104,2018
"W15268-49R",8.905397241,2018
"W15268-4R",7.905397241,2018
"W15268-51R",4.905397241,2018
"W15268-53R",0.793010957,2018
"W15268-551R",5.214876104,2018
"W15268-56R",5.905397241,2018
"W15268-57R",5.793010957,2018
"W15268-5R",7.905397241,2018
"W15268-61R",4.214876104,2018
"W15268-63R",9.214876104,2018
"W15268-65R",4.793010957,2018
"W15268-67R",4.086715698,2018
"W15268-68R",4.793010957,2018
"W15268-6R",7.503943531,2018
"W15268-73R",3.793010957,2018
"W15268-74R",1.905397241,2018
"W15268-76R",3.793010957,2018
"W15268-77R",4.905397241,2018
"W15268-78R",8.214876104,2018
"W15268-79R",6.214876104,2018
"W15268-7R",7.905397241,2018
"W15268-80R",4.793010957,2018
"W15268-82R",6.214876104,2018
"W15268-83R",5.086715698,2018
"W15268-85R",5.905397241,2018
"W15268-87R",5.086715698,2018
"W15268-88R",6.086715698,2018
"W15268-89R",1.905397241,2018
"W15268-8R",3.214876104,2018
"W15268-90R",4.214876104,2018
"W15268-91R",6.086715698,2018
"W15268-93R",9.214876104,2018
"W15268-95R",8.905397241,2018
"W15268-96R",2.905397241,2018
"W15268-97R",5.939863327,2018
"W15268-99R",3.793010957,2018
"W15268-9R",9.214876104,2018
"W15277-11R",8.905397241,2018
"W15277-12R",5.214876104,2018
"W15277-13R",7.793010957,2018
"W15277-14R",0.793010957,2018
"W15277-15R",4.793010957,2018
"W15277-19R",9.086715698,2018
"W15277-1R",7.793010957,2018
"W15277-20R",6.086715698,2018
"W15277-21R",3.086715698,2018
"W15277-24R",3.086715698,2018
"W15277-25R",2.793010957,2018
"W15277-26R",6.905397241,2018
"W15277-29R",6.905397241,2018
"W15277-2R",5.086715698,2018
"W15277-30R",6.086715698,2018
"W15277-31R",3.905397241,2018
"W15277-32R",4.214876104,2018
"W15277-34R",1.214876104,2018
"W15277-3R",7.150795901,2018
"W15277-4R",9.214876104,2018
"W15277-580R",7.214876104,2018
"W15277-7R",9.086715698,2018
"W15277-9R",1.214876104,2018
"W15277B-10R",7.086715698,2018
"W15277B-11R",0.905397241,2018
"W15277B-12R",2.793010957,2018
"W15277B-13R",7.905397241,2018
"W15277B-14R",7.905397241,2018
"W15277B-15R",7.793010957,2018
"W15277B-16R",2.086715698,2018
"W15277B-17R",3.086715698,2018
"W15277B-18R",5.086715698,2018
"W15277B-19R",2.086715698,2018
"W15277B-1R",5.086715698,2018
"W15277B-20R",4.905397241,2018
"W15277B-22R",7.905397241,2018
"W15277B-29R",7.905397241,2018
"W15277B-2R",3.086715698,2018
"W15277B-30R",8.086715698,2018
"W15277B-31R",1.214876104,2018
"W15277B-32R",6.086715698,2018
"W15277B-33R",5.905397241,2018
"W15277B-36R",4.086715698,2018
"W15277B-37R",5.086715698,2018
"W15277B-38R",3.793010957,2018
"W15277B-39R",8.905397241,2018
"W15277B-40R",3.905397241,2018
"W15277B-41R",5.793010957,2018
"W15277B-42R",7.214876104,2018
"W15277B-43R",7.905397241,2018
"W15277B-44R",2.793010957,2018
"W15277B-47R",4.214876104,2018
"W15277B-48R",3.905397241,2018
"W15277B-49R",2.214876104,2018
"W15277B-50R",8.214876104,2018
"W15277B-51R",4.905397241,2018
"W15277B-52R",5.214876104,2018
"W15277B-53R",3.086715698,2018
"W15277B-54R",7.905397241,2018
"W15277B-56R",4.905397241,2018
"W15277B-57R",3.793010957,2018
"W15277B-58R",5.214876104,2018
"W15277B-59R",4.086715698,2018
"W15277B-5R",6.214876104,2018
"W15277B-60R",1.905397241,2018
"W15277B-61R",2.905397241,2018
"W15277B-62R",7.793010957,2018
"W15277B-6R",4.793010957,2018
"W15277B-8R",5.793010957,2018
"W15277B-9R",6.086715698,2018
"W8893-1R",1.75,2018
"AFW6039-1R",5.999999712,2017
"AFW6039-2R",5.000000096,2017
"AFW6039-3R",7.999999712,2017
"AFW6039-4R",4.000000192,2017
"AFW6039-5R",3.000000192,2017
"AFW6039-7R",3.000000096,2017
"AFW6039-8R",2.999999712,2017
"AFW6041-11R",1.000000192,2017
"AFW6041-12R",5.999999712,2017
"AFW6041-2R",3.000000192,2017
"AFW6041-3R",4.000000096,2017
"AFW6041-4R",4.000000096,2017
"AFW6041-6R",4.999999712,2017
"AFW6041-7R",6.999999712,2017
"AFW6041-9R",7.000000192,2017
"AFW6045-10R",6.999999712,2017
"AFW6045-11R",5.999999712,2017
"AFW6045-12R",4.999999712,2017
"AFW6045-1R",1.999999712,2017
"AFW6045-2R",4.000000192,2017
"AFW6045-5R",2.000000096,2017
"AFW6045-8R",2.000000096,2017
"AFW6045-9R",5.000000096,2017
"AFW6050-18R",2.000000096,2017
"AFW6050-20R",2.000000096,2017
"AFW6050-23R",4.000000096,2017
"AFW6050-24R",8.000000192,2017
"AFW6050-26R",4.000000096,2017
"AFW6050-2R",5.000000096,2017
"AFW6050-4R",5.000000192,2017
"AFW6050-7R",6.000000192,2017
"AFW6051-1R",5.000000192,2017
"AFW6051-2R",8.000000096,2017
"AFW6051-4R",5.999999712,2017
"AFW6052-10R",3.999999712,2017
"AFW6052-12R",5.000000096,2017
"AFW6052-13R",2.000000192,2017
"AFW6052-14R",4.999999712,2017
"AFW6052-22R",2.000000192,2017
"AFW6052-23R",3.000000192,2017
"AFW6052-25R",5.000000192,2017
"AFW6052-28R",2.999999712,2017
"AFW6052-29R",2.000000192,2017
"AFW6052-31R",3.500000096,2017
"AFW6052-33R",2.999999712,2017
"AFW6052-34R",1.999999712,2017
"AFW6052-35R",5.999999712,2017
"AFW6052-38R",3.000000192,2017
"AFW6052-39R",4.000000192,2017
"AFW6052-3R",5.000000096,2017
"AFW6052-40R",5.000000096,2017
"AFW6052-42R",5.999999712,2017
"AFW6052-4R",3.000000096,2017
"AFW6052-9R",0.999999712,2017
"AFW6054-10R",5.000000096,2017
"AFW6054-4R",4.999999712,2017
"AFW6054-7R",6.000000192,2017
"AFW6054-8R",1.000000192,2017
"DarkRedNorland",2,2017
"RedEndeavor",4.333333333,2017
"RedLaSoda10",3.333333333,2017
"RedNorland",1.333333333,2017
"RedPrairie",5.666666667,2017
"W10209-2R",2.666666667,2017
"W10209-7R",6.666666667,2017
"W14133-11R",6.000000192,2017
"W14133-12R",6.000000096,2017
"W14133-14R",6.000000192,2017
"W14133-16R",4.999999712,2017
"W14133-17R",5.999999712,2017
"W14133-20R",3.999999712,2017
"W14133-21R",4.000000192,2017
"W14133-22R",4.999999712,2017
"W14133-23R",4.000000192,2017
"W14133-27R",7.000000192,2017
"W14133-28R",3.000000096,2017
"W14133-29R",1.999999712,2017
"W14133-32R",3.999999712,2017
"W14133-35R",6.999999712,2017
"W14133-36R",5.000000096,2017
"W14133-37R",5.000000192,2017
"W14133-38R",3.999999712,2017
"W14133-41R",2.000000192,2017
"W14133-44R",5.000000096,2017
"W14133-45R",7.000000192,2017
"W14133-46R",6.999999712,2017
"W14133-47R",5.000000096,2017
"W14133-49R",4.000000096,2017
"W14133-4R",5.000000096,2017
"W14133-5R",3.000000192,2017
"W14133-9R",4.000000096,2017
"W14138-12R",5.000000096,2017
"W14138-13R",4.000000192,2017
"W14138-14R",4.000000096,2017
"W14138-15R",4.000000192,2017
"W14138-17R",6.000000096,2017
"W14138-1R",5.999999712,2017
"W14138-22R",9.000000096,2017
"W14138-25R",2.000000192,2017
"W14138-33R",2.000000192,2017
"W14138-34R",7.000000192,2017
"W14138-36R",2.000000192,2017
"W14138-37R",3.000000192,2017
"W14138-38R",5.000000096,2017
"W14138-44R",4.000000192,2017
"W14138-47R",2.999999712,2017
"W14138-48R",5.000000192,2017
"W14138-49R",4.999999712,2017
"W14138-50R",4.000000096,2017
"W14138-53R",4.000000192,2017
"W14138-54R",8.000000096,2017
"W14138-55R",4.999999712,2017
"W14138-56R",4.999999712,2017
"W14138-57R",3.000000192,2017
"W14138-58R",5.000000096,2017
"W14138-59R",2.000000192,2017
"W14138-5R",3.999999712,2017
"W14138-6R",3.000000192,2017
"W14138-8R",5.000000096,2017
"W14141-11R",3.999999712,2017
"W14141-14R",5.000000192,2017
"W14141-15R",6.000000096,2017
"W14141-16R",4.999999712,2017
"W14141-17R",1.000000096,2017
"W14141-19R",0.999999712,2017
"W14141-1R",7.000000096,2017
"W14141-20R",2.999999712,2017
"W14141-2R",5.999999712,2017
"W14141-3R",6.000000192,2017
"W14141-4R",4.999999712,2017
"W14141-5R",5.000000096,2017
"W14141-6R",4.000000192,2017
"W14141-7R",3.000000096,2017
"W14141-8R",4.000000096,2017
"W8890-1R",2.999999904,2017
"LelahDH12",3.5,2020
"MSFF744-01",9,2020
"W2x001-22",3.5,2020
"W2x001-84",3,2020
"W2x004-25",3,2020
"W2x006-38",4,2020
"W2x007-10",5,2020
"W2x007-11",5,2020
"W2x007-14",5,2020
"W2x007-2",5,2020
"W2x007-6",6,2020
"W2x007-9",4,2020
"W2x008-16",9,2020
"W2x008-19",4,2020
"W2x008-24",4,2020
"W2x008-32",4,2020
"W2x008-44",3,2020
"W2x008-46",4,2020
"W2x009-35",5,2020
"W2x009-36",9,2020
"W2x009-40",6,2020
"W2x009-41",6,2020
"W2x009-9",4,2020
"W2x010-21",9,2020
"W2x010-24",3,2020
"W2x011-12",4,2020
"W2x011-15",4,2020
"W2x011-23",4,2020
"W2x011-4",5,2020
"W2x011-40",4,2020
"W2x011-5",7,2020
"W2x011-9",4,2020
"W2x013-18",4,2020
"W2x013-34",4,2020
"W2x013-47",6,2020
"W2x013-51",4,2020
"W2x014-17",3,2020
"W2x014-25",4,2020
"W2x014-33",6,2020
"W2x014-45",7,2020
"W2x014-5",7,2020
"W2x014-7",5,2020
"W2x015-41",7,2020
"W2x016-1",4,2020
"W2x016-14",4,2020
"W2x016-29",5,2020
"W2x016-41",6,2020
"W2x017-24",9,2020
"W2x017-34",7,2020
"W2x018-7",6,2020
"W2x018-9",7,2020
"W2x019-9",5,2020
"W2x020-41",9,2020
"W2x021-10",4,2020
"W2x021-23",6,2020
"W2x021-45",7,2020
"W2x021-58",4,2020
"W2x021-66",5,2020
"W2x021-74",8,2020
"W2x021-9",6,2020
"W2x022-2",6,2020
"W2x022-20",4,2020
"W2x022-3",5,2020
"W2x022-36",4,2020
"W2x022-47",7,2020
"W2x022-58",4,2020
"W2x022-8",6,2020
"W2x023-2",4,2020
"W2x023-3",5,2020
"W2x024-12",5,2020
"W2x024-13",5,2020
"W2x024-14",4,2020
"W2x024-16",3,2020
"W2x024-17",3,2020
"W2x024-18",3,2020
"W2x024-22",5,2020
"W2x024-24",6,2020
"W2x024-26",4,2020
"W2x024-28",7,2020
"W2x024-29",8,2020
"W2x024-32",3,2020
"W2x024-36",8,2020
"W2x024-37",4,2020
"W2x024-47",4,2020
"W2x024-5",1,2020
"W2x024-59",4,2020
"W2x024-62",4,2020
"W2x024-65",1,2020
"W2x024-67",6,2020
"W2x025-1",5,2020
"W2x025-9",6,2020
"W2x026-10",4,2020
"W2x026-40",4,2020
"W2x026-51",5,2020
"W2x027-18",5,2020
"W2x027-21",5,2020
"W2x027-25",5,2020
"W2x027-29",4,2020
"W2x027-32",5,2020
"W2x027-35",5,2020
"W2x027-36",9,2020
"W2x027-4",4,2020
"W2x027-44",6,2020
"W2x027-50",8,2020
"W2x027-54",5,2020
"W2x027-57",5,2020
"W2x027-71",5,2020
"W2x027-72",5,2020
"W2x027-76",5,2020
"W2x027-8",9,2020
"W2x028-17",4,2020
"W2x028-19",6,2020
"W2x028-35",4,2020
"W2x028-38",5,2020
"W2x029-10",4,2020
"W2x029-12",5,2020
"W2x029-15",8,2020
"W2x029-22",5,2020
"W2x029-37",7,2020
"W2x029-48",7,2020
"W2x029-51",4,2020
"W2x029-54",5,2020
"W2x032-10",4,2020
"W2x032-3",3,2020
"W2x032-4",5,2020
"W2x033-16",4,2020
"W2x033-17",4,2020
"W2x037-1",5,2020
"W2x037-13",5,2020
"W2x037-19",3,2020
"W2x037-22",4.5,2020
"W2x037-23",5,2020
"W2x037-27",4,2020
"W2x037-6",4,2020
"W2x037-7",7,2020
"W2x037-8",4,2020
"W2x038-10",4,2020
"W2x040-10",6,2020
"W2x040-12",4.5,2020
"W2x040-13",4,2020
"W2x040-18",6,2020
"W2x040-19",8.5,2020
"W2x040-24",6,2020
"W2x040-25",5.5,2020
"W2x040-27",6,2020
"W2x040-31",4,2020
"W2x040-43",9,2020
"W2x040-7",7,2020
"W2x040-9",7.5,2020
"W2x041-14",5.5,2020
"W2x041-17",5,2020
"W2x041-18",4,2020
"W2x041-2",5,2020
"W2x041-22",7,2020
"W2x041-27",6,2020
"W2x041-40",4.5,2020
"W2x041-43",8,2020
"W2x041-46",9,2020
"W2x041-49",4,2020
"W2x041-5",3,2020
"W2x041-6",5,2020
"W2x041-9",5,2020
"W2x042-16",7,2020
"W2x042-20",9,2020
"W2x042-23",6.5,2020
"W2x042-24",4,2020
"W2x042-29",8,2020
"W2x042-31",4,2020
"W2x042-37",5,2020
"W2x042-41",6,2020
"W2x042-45",4,2020
"W2x042-7",4,2020
"W2x043-14",9,2020
"W2x043-19",9,2020
"W2x043-2",9,2020
"W2x043-22",6,2020
"W2x043-25",6,2020
"W2x043-26",6,2020
"W2x043-28",9,2020
"W2x043-30",9,2020
"W2x043-33",5,2020
"W2x043-35",8,2020
"W2x043-40",5,2020
"W2x043-44",7,2020
"W2x043-7",5,2020
"W2x043-9",9,2020
"W2x044-11",5,2020
"W2x044-12",4,2020
"W2x044-14",9,2020
"W2x044-20",4,2020
"W2x044-24",5,2020
"W2x044-33",7,2020
"W2x044-34",6,2020
"W2x044-37",9,2020
"W2x044-38",9,2020
"W2x044-4",8,2020
"W2x044-41",9,2020
"W2x044-42",5,2020
"W2x044-48",6,2020
"W2x044-7",7,2020
"W2x044-8",6,2020
"W2x045-10",6,2020
"W2x045-15",6,2020
"W2x045-17",9,2020
"W2x045-18",9,2020
"W2x045-2",6.5,2020
"W2x045-22",7.5,2020
"W2x045-23",6,2020
"W2x045-24",8,2020
"W2x045-27",4,2020
"W2x045-29",9,2020
"W2x045-3",8,2020
"W2x045-32",9,2020
"W2x045-35",7,2020
"W2x045-37",8,2020
"W2x045-4",6,2020
"W2x045-40",9,2020
"W2x045-41",6,2020
"W2x045-47",6.5,2020
"W2x045-9",4,2020
"W2x046-1",8,2020
"W2x046-10",7,2020
"W2x046-11",9,2020
"W2x046-12",9,2020
"W2x046-13",4,2020
"W2x046-14",4,2020
"W2x046-15",9,2020
"W2x046-16",4.5,2020
"W2x046-17",9,2020
"W2x046-18",6,2020
"W2x046-19",8,2020
"W2x046-2",6,2020
"W2x046-20",6.5,2020
"W2x046-21",8,2020
"W2x046-22",5,2020
"W2x046-23",5,2020
"W2x046-24",9,2020
"W2x046-26",6.5,2020
"W2x046-27",8.5,2020
"W2x046-28",8,2020
"W2x046-29",6,2020
"W2x046-3",9,2020
"W2x046-30",7,2020
"W2x046-31",4.5,2020
"W2x046-32",7,2020
"W2x046-33",7.5,2020
"W2x046-34",6.5,2020
"W2x046-37",5,2020
"W2x046-38",4,2020
"W2x046-39",7,2020
"W2x046-4",8,2020
"W2x046-41",5.5,2020
"W2x046-42",9,2020
"W2x046-43",9,2020
"W2x046-44",5,2020
"W2x046-46",5.5,2020
"W2x046-47",8,2020
"W2x046-49",5,2020
"W2x046-5",9,2020
"W2x046-50",5,2020
"W2x046-6",8,2020
"W2x046-7",9,2020
"W2x046-8",8,2020
"W2x046-9",6,2020
"W2x047-10",5,2020
"W2x047-17",3,2020
"W2x047-26",7,2020
"W2x047-35",5,2020
"W2x047-37",6,2020
"W2x048-1",7,2020
"W2x048-2",4.5,2020
"W2x048-3",3,2020
"W2x048-33",9,2020
"W2x048-4",4,2020
"W2x048-7",1.5,2020
"W2x048-8",6,2020
"W2x049-1",7,2020
"W2x049-2",9,2020
"W2x049-25",8,2020
"W2x049-27",3,2020
"W2x049-35",6,2020
"W2x049-42",4,2020
"W2x049-43",6.5,2020
"W2x049-44",5,2020
"W2x049-5",4,2020
"W2x049-8",4,2020
"W2x049-9",9,2020
"W2x051-12",4,2020
"W2x051-13",4,2020
"W2x051-16",6,2020
"W2x051-19",3,2020
"W2x051-2",3,2020
"W2x051-22",7,2020
"W2x051-25",5,2020
"W2x051-26",5,2020
"W2x051-28",4.5,2020
"W2x051-31",6,2020
"W2x051-34",4.5,2020
"W2x051-35",6,2020
"W2x051-38",4,2020
"W2x051-4",4,2020
"W2x051-42",4,2020
"W2x051-46",5,2020
"W2x051-5",4,2020
"W2x053-33",5,2020
"W2x053-34",7,2020
"W2x054-14",4,2020
"W2x054-16",9,2020
"W2x054-19",5,2020
"W2x054-20",7,2020
"W2x054-21",8,2020
"W2x054-23",9,2020
"W2x054-25",4,2020
"W2x054-26",9,2020
"W2x054-31",6,2020
"W2x054-35",5,2020
"W2x054-38",4,2020
"W2x054-4",4,2020
"W2x054-43",4.5,2020
"W2x054-46",4,2020
"W2x054-47",7,2020
"W2x054-7",6,2020
